;02/11;03/11;04/11;05/11;06/11;07/11;08/11;09/11;10/11;11/11;12/11;13/11;14/11;15/11;16/11;17/11;18/11;19/11;20/11;21/11;22/11;23/11;24/11;25/11
1;• День провозглашения Российской Империи;• Международный день калькулятора;• День заботы о себе;• День военного разведчика;• Праздник иконы Божией Матери «Всех скорбящих Радость»;• День холодца;• День исполнения желаний;• Всемирный день курицы (World Chicken Day);• День сотрудника органов внутренних дел РФ (День полиции);• Праздник заквашенных;• День творческих осуществлений;• Всемирный день доброты (World Kindness Day);• День расслабленности и беззаботности (Loosen Up, Lighten Up Day);• День шоколадного кекса (Chocolate Cupcake Day);• Праздник суточного застолья;• День защиты чёрных котов и кошек;• День рождения Деда Мороза;• День ракетных войск и артиллерии СССР;• Прекрасный день (Beautiful Day);• День бухгалтера в России;• День сыновей;• День вставания с той ноги;• День угощения домовых молоком;• День смотрения по сторонам
2;• Праздник мутных глаз;• День хранения тайны;• Всемирный день мужчин (Men`s World Day);• День рассматривания старых фотографий;• Международный день памяти животных, погибших от рук человека;• День вытрезвителя;• День Сибири;• Международный день против фашизма и антисемитизма (International Day Against Fascism and Antisemitism);• Международный день бухгалтерии (International Accounting Day);• День военного пенсионера;• День видимого дыхания на холоде;• День рождения сосиски;• День общения с духом вечера;• День молочных коктейлей;• День отказа от курения (No Smoking Day);• Международный день студентов (International Students Day);• День рождения Микки Мауса (Mickey Mouse Birthday);• Международный мужской день (International Men`s Day);• Всемирный день ребёнка (Universal Children`s Day);• Всемирный день приветствия (World Hello Day);• День психолога;• День памяти святого Георгия Победоносца;• День моржа (Walrus Day);• День российского военного миротворца
3;• День международного признания Санкт-Петербурга;• Всемирный день косплея (World Cosplay Day);• День народного единства России;• День рождения Останкинской телебашни;• День поиска центра города;• День Великой Октябрьской Социалистической Революции;• День первых признаков зимы;• День вечно живого хаоса (Chaos Never Dies Day);• Всемирный день молодёжи (World Youth Day);• День окончания Первой мировой войны;• Экологический праздник «Синичкин день»;• День собирания ключей и монеток;• День эндокринолога;• Всероссийский день призывника;• Всемирный день рукоделия (World Needlework Day);• День знакомства с новым чаем;• День придумывания секретов;• День запаха свежего хлеба;• День педиатра (Pediatrician Day);• День светящихся окошек;• День отогревания в кофейнях;• Праздник собак и доброты «Wolfenoot»;• Чёрная пятница (Black Friday);• День расплывных лиц
4;• День кормления птиц овсяным печеньем;• Всемирный день медузы (World Jellyfish Day);• Праздник Казанской иконы Божией Матери;• День несправедливости в интернете (Internet Injustice Day);• День «Раскрасьте мир в оранжевый цвет» (Color the World Orange Day);• День военного парада на Красной площади 1941 года;• Международный день пианиста (International Pianist Day);• Всемирный день усыновления (World Adoption Day);• День богини Макоши - покровительницы девиц и женщин;• День экономиста в России;• День банковского работника Сбербанка России;• День войск радио и радиотехнической разведки ВС РФ (РиРТР);• Праздник разбитых фонарей;• День подразделений по борьбе с организованной преступностью МВД РФ (РУБОП, УБОП, ОБОП);• Международный день борьбы с анорексией (День без диет);• Всемирный день таблицы умножения (World Multiplication Table Day);• День кнопочного телефона (Push Button Phone Day);• День плюшевого мишки в России;• День трамвайных поездок;• Всемирный день телевидения (World Television Day);• День канифольщиков;• Международный день акварели (World Watercolor Day);• День эволюции (Evolution Day);• Международный день борьбы за ликвидацию насилия в отношении женщин (International Day for the Elimination of Violence Against Women)
5;• День «Станьте экстрасенсом» (Practice Being Psychic Day);• День клише (Cliche Day);• День освобождения Москвы от польских интервентов;• День беззадачности (Zero Tasking Day);• День ориентирования без компаса (Marooned Without a Compass Day);• День рисования на запотевшем стекле;• Международный день КВН;• День специального отряда быстрого реагирования МВД РФ (СОБР, ОМСН);• День просмотра чёрно-белого фильма;• День написания бумажных писем;• Международный день скороговорок (International Tongue Twister Day);• Всемирный день сирот (World Orphans Day);• Международный день логопеда (International Speech Pathologist Day);• День Бурана;• Всемирный день философии (World Philosophy Day);• День обмывщиков;• Всемирный день предотвращения сексуальной эксплуатации, жестокого обращения и насилия над детьми (World Day for Prevention and Healing from Child Sexual Exploitation, Abuse, Violence);• День сантехника;• День работника транспорта в России;• Всемирный день рыбного промысла (World Fisheries Day);• День словарей и энциклопедий;• День Фибоначчи (Fibonacci Day);• Всемирный день отказа от покупок (Buy Nothing Day);• День геоморфолога
6;• Международный день борьбы с насилием и издевательствами в школе, включая киберзапугивание (International Day against Violence and Bullying at School including Cyberbullying);• Праздник культа;• День рождения кассового аппарата;• Всемирный день осведомлённости о проблеме цунами (World Tsunami Awareness Day);• Всемирный день без бумаги (World Paper Free Day);• День рождения уральского трамвая;• День ветеранов спорта;• День дарения огня семи греющим свечкам;• День вышивальщицы и покровительницы всех рукодельниц святой великомученицы Параскевы Пятницы;• День винного туризма (Wine Tourism Day);• День молитвы о сиротах (Orphan Sunday);• День войск радиационной, химической и биологической защиты ВС РФ (День войск РХБЗ);• Всемирный день борьбы с диабетом (World Diabetes Day);• День Каспийской флотилии ВМФ РФ;• Всероссийский день самбо;• Международный день недоношенных детей (World Prematurity Day);• Международный день людей, переживших самоубийство близкого человека (International Survivors of Suicide Loss Day);• Всемирный день туалета (World Toilet Day);• День перевоплощений;• День работника налоговых органов РФ;• День любви к своим веснушкам (Love Your Freckles Day);• Международный день борьбы с безнаказанностью (International Day to End Impunity);• Международный день вина «Карменер» (International Carmenere Day);• Международный день осведомлённости об ауре (International Aura Awareness Day)
7;• День печенькового монстра (Cookie Monster Day);• День памяти преподобного Илариона Великого;• День царя Тутанхамона (King Tut Day);• Международный день менеджеров-волонтёров (International Volunteer Managers Day);• День Конституции Республики Татарстан;• Международный день вина «Мерло» (International Merlot Day);• День памяти погибших при выполнении служебных обязанностей сотрудников органов внутренних дел и военнослужащих ВВ МВД РФ;• Всемирный день качества (World Quality Day);• День кухонной мойки;• Всемирный день оригами (World Origami Days);• День матери, потерявшей ребенка;• День Службы защиты государственной тайны ВС РФ;• День социолога;• День петербургского бухгалтера;• День нанизывания бисера;• Международный день борьбы с издевательствами (International STAND UP to Bullying Day);• Всемирная неделя правильного использования антибиотиков (World Antibiotic Awareness Week);• День преподавателя высшей школы;• День операционной системы Microsoft Windows (Recycle Bin Day);• День без музыки (No Music Day);• Праздник иконы Божией Матери «Скоропослушница»;• Международный день имидж-консультанта (International Image Consultant Day);• Международный день системного инженера (International Systems Engineer Day);• День Олонхо в Якутии
8;• День военного журналиста, Международный день прекращения безнаказанности за преступления против журналистов (International Day to End Impunity for Crimes against Journalists);• День независимости (Panamanian Independence Day) - Панама;• День сумчатого муравьеда, День намбата (World Numbat Day);• День памяти святого апостола Иакова, брата Господня;• Международная неделя науки и мира (International Week of Science and Peace);• Международный день скептиков (International Skeptics Day);• Всемирный день без Wi-Fi (World Day Without Wi-Fi);• День рождения неоновой рекламы (Neon Sign Day);• Всемирный день рекордов Гиннесса (Guinness World Records Day);• Международный день фитнеса;• Всемирный день борьбы с пневмонией (World Pneumonia Day);• Международный день слепых (International Day of the Blind);• День памяти святых бессребреников и чудотворцев Космы и Дамиана Асийских;• Всемирный день вторичной переработки (Global Recycling Day);• День капусты в Тверской области;• День участковых уполномоченных полиции РФ;• День памяти Отцов Поместного Собора Церкви Русской 1917-1918 годов;• День кузнеца ручной ковки;• Всероссийский день правовой помощи детям;• Европейский день муковисцидоза (European Cystic Fibrosis Awareness Day);• День памяти преподобной Матроны Константинопольской;• День памяти святых апостолов от 70-ти Ераста, Олимпа, Родиона, Сосипатра, Кварта и Тертия;• День бухгалтера в Татарстане;• День пресыщения (Blase Day)
9;• Международный день проектного менеджера (International Project Management Day);• День сэндвича (National Sandwich Day) - США;• День государственности Удмуртской Республики;• Зороастрийский праздник «Апам-Напата»;• Международный день предотвращения эксплуатации окружающей среды во время войны и вооружённых конфликтов (International Day for Preventing the Exploitation of the Environment in War and Armed Conflict);• День российского пейнтбола;• Всемирный день рентгенографии (World Radiography Day);• Международный день вина «Темпранильо» (International Tempranillo Day);• Всемирный день науки за мир и развитие (World Science Day for Peace and Development);• День офтальмолога в России;• День специалиста по безопасности (Security Specialist Day);• День симфонического металла (Symphonic Metal Day);• День маринованных огурцов (National Pickle Day) - США;• День писателей в заключении (Day of the Imprisoned Writer);• Всероссийский день проектировщика;• Международный день любителей пива «Гозе» (International Happy Gose Day);• День памяти святителя Ионы, архиепископа Новгородского;• День работника стекольной промышленности РФ;• День памяти трансгендеров (Transgender Day of Remembrance);• Собор архистратига Михаила и прочих небесных сил бесплотных;• День памяти святых мучеников Онисифора и Порфирия;• День памяти священномученика Милия Персидского;• Праздник мироточивой Иверской Монреальской иконы Божией Матери;• День домашней кухни
10;• Международный день стаута (International Stout Day);• День «Дайте сегодня кому-нибудь доллар» (Give Someone a Dollar Today Day) - США;• Праздник иконы Божией Матери Андрониковская;• День рыжих (National Redhead Day, National Love Your Red Hair Day) - США;• День работника службы делопроизводства и режима уголовно-исполнительной системы РФ;• Международный день африканских писателей (International African Writer`s Day);• День «Приготовьте что-нибудь необычное и пикантное» (Cook Something Bold and Pungent Day);• Международный день антиядерных акций (International Anti-Nuclear Campaign Day);• День детской телевизионной программы «Улица Сезам» (Sesame Street Day);• Всемирный день шопинга (World Shopping Day);• Европейский день винного туризма (European Day of Wine Tourism);• День работников и специалистов в сфере дистанционного банковского обеспечения;• День девочек (International Girls Day) - США;• Всемирный день борьбы против хронической обструктивной болезни лёгких (World COPD Day);• День московского бухгалтера;• День памяти преподобного Иоанникия Великого;• День памяти мучеников Галактиона и Епистимии;• День брызг;• Глобальный день «Обнимите бегуна» (Globally Organized Hug a Runner Day);• Зороастрийский праздник «Зервана Акарана»;• День памяти преподобной Феоктисты Паросской;• Католический праздник святого Климента (St. Clement`s Day);• День памяти преподобного Феодора Студита;• Праздник иконы Божией Матери «Милостивая»
11;• День динамической безвредности (Dynamic Harmlessness Day);• День «Любите своего адвоката» (National Love Your Lawyer Day) - США;• Праздник иконы Божией Матери Якобштадтская;• День благодарности пончику (National Doughnut Appreciation Day) - США;• День памяти святого мученика Арефы Негранского и с ним пострадавших;• День трудовой славы и профсоюзного работника в Ульяновской области;• Международный день радиологии (International Day of Radiology, X-Ray Day);• Всемирный день юзабилити (World Usability Day);• День киберпсихологии (Cyberpsychology Day);• День аюрведы (Ayurveda Day);• День бухгалтера в Красноярском крае;• День осенней шали;• День кузнеца - Беларусь;• Всемирный день географических информационных систем (GIS Day);• Всемирный день борьбы против рака поджелудочной железы (World Pancreatic Cancer Day);• День памяти священномучеников Никандра, епископа Мирского и Ермея пресвитера;• День поддержки «Замужем за Скорпионом» (Married to a Scorpio Support Day) - США;• День женского предпринимательства (Women`s Entrepreneurship Day);• День приёмной семьи в Ульяновской области;• Католический праздник Введения во храм Пресвятой Богородицы (Feast of the Presentation of the Blessed Virgin Mary);• День хороших супружеских пар - Япония;• День «Скушай клюкву» (Eat A Cranberry Day) - США;• День памяти блаженного Максима Московского, Христа ради юродивого;• День памяти святителя Иоанна Милостивого
12;• Всемирный день «Манкуши» (World Mankousheh Day);• День посадки деревьев (Arbor Day) - Самоа;• День памяти святого равноапостольного Аверкия Иерапольского;• День дров (Firewood Day) - США;• День памяти преподобного Зосимы Верховского;• Международный день инуита (International Inuit Day);• Всемирный день ответственного туризма (World Responsible Tourism Day);• Всемирный день лизинга (Global Leasing Day);• Всемирный день борьбы с нейроэндокринным раком (World NET Cancer Day);• Международный день энергосбережения (International Day of Energy Saving);• День профсоюзного работника в Республике Башкортостан;• День памяти преподобных Спиридона и Никодима, просфорников Печерских;• День семейной пижамы (National Family P-J Day) - США;• Всемирный день гипнородов (World HypnoBirthing Day);• Международный день, посвящённый терпимости (International Day for Tolerance);• День памяти преподобного Никандра Городноезерского;• День яблочного сидра (National Apple Cider Day) - США;• Международный день цельных злаков (International Whole Grain Day);• День индустриализации Африки (Africa Industrialization Day);• День имбирного пряника (Gingerbread Cookie Day) - США;• Дурацкая среда (Wacky Wednesday, Drinksgiving) - США;• День орехов кешью (National Cashew Day) - США;• День памяти святых мучеников Виктора и Стефаниды;• День памяти преподобного Нила Мироточивого
13;• День памяти святого праведного отрока Артемия Веркольского;• Женский день - Восточный Тимор;• Буддийский праздник нисхождения Будды «Лхабаб Дуйсэн» (Lhabab Duchen);• День работников гражданской авиации - Беларусь;• День освобождения Киева - Украина;• Праздник иконы Божией Матери Валкурийская;• Международный день патологии (International Pathology Day);• День хранительницы домашнего очага;• Всемирный день борьбы с кератоконусом (World Keratoconus Day);• Всемирный день мини-лыж;• Праздник Озерянской иконы Божией Матери;• День памяти святого мученика Епимаха Александрийского;• День ремня безопасности (National Seat Belt Day) - США;• День восьми миллиардов (Day of 8 Billion);• День ветеранов боевых действий в республике Ангола;• Католический праздник святой Елизаветы Венгерской (Feast of Saint Elizabeth of Hungary);• День принцесс (National Princess Day) - США;• Всемирный день памяти жертв дорожно-транспортных происшествий (World Day of Remembrance for Road Traffic Victims);• Праздник иконы Божией Матери «Взыграние Младенца»;• День достоинства и свободы - Украина;• День музыки (Dia de la Musica) - Испания;• День сериала «Доктор Кто» (Doctor Who Day) - Великобритания;• День памяти великомученика Мины Котуанского;• День памяти преподобного Нила Постника Синайского
14;• День памяти преподобного Гавриила Самтаврийского;• День ракетных войск и артиллерии - Украина;• День любви - Египет;• Праздник матерей «Ахой Аштами» (Ahoi Ashtami) - Индия;• День отдыха (Recreation Day) - Австралия;• День памяти праведной Тавифы Иоппийской;• День солидарности с интерсекс-людьми (Intersex Day of Solidarity);• День памяти преподобного Нестора Летописца;• День памяти святителя Димитрия, митрополита Ростовского;• День работника восстановительного поезда;• День памяти священномученика Зиновия и мученицы Зиновии;• День памяти святых апостолов от 70-ти Стахия, Амплия, Урвана, Наркисса, Апеллия и Аристовула;• День юных читателей (National Young Reader`s Day) - США;• Европейский день музыкальной терапии (European Music Therapy Day);• День общественных организаций (Social Enterprise Day);• День домашнего хлеба (National Homemade Bread Day) - США;• День оккультизма (Occult Day) - США;• Всемирный день гражданина (World Citizen Day);• День памяти святого мученика Иерона и иных с ним в Мелитине пострадавших;• День красной варежки (National Red Mitten Day) - Канада;• День борьбы с насилием (National Stop the Violence Day) - США;• День святого Георгия (Гиоргоба) - Грузия;• День памяти святого мученика Викентия Августопольского;• Католический праздник святой Екатерины (Feast of Saint Catherine of Alexandria)
15;• День памяти великомученика Артемия Антиохийского;• День победы (Victory Day) - Мальдивы;• День использования здравого смысла (Use Your Common Sense Day) - США;• День португальского языка (Dia Nacional da Lingua Portuguesa) - Бразилия;• День баскетбола (National Basketball Day) - США;• День памяти святых мучеников Маркиана и Мартирия;• Всемирный день градостроительства, Всемирный день урбанизма (World Town Planning Day, World Urbanism Day);• День памяти святого мученика Нестора Солунского;• День памяти святителя Арсения Первого, архиепископа Сербского;• День липецкого трамвая;• Католический праздник святого Иосафата (Feast of Saint Josaphat);• Католический праздник святого Аббона Флёрийского (Saint Abbo of Fleury Feast Day);• День «Заблокируйте это» (National Block It Out Day) - США;• Праздник Шуйско-Смоленской иконы Божией Матери;• День глинтвейна;• Всемирный день мира (World Peace Day) - США;• День лукового супа-пюре (National Vichyssoise Day) - США;• Всемирный день профилактики жестокого обращения с детьми (World Day for the Prevention of Child Abuse);• День памяти пpеподобного Лазаря Галисийского;• День студента (Dia del Estudiante) - Венесуэла;• День посадки деревьев (Arbor Day) - Британские Виргинские острова;• День Геродота - Греция;• День семьи (Family Day) - Палау;• День памяти жертв голодоморов - Украина
16;• Католический день всех усопших верных, День всех душ (All Souls Day);• День домохозяйки и домохозяина (National Homemaker Day, National Housewife Day) - США;• День домашнего пивоварения (Learn to Homebrew Day) - США;• День работника социальной сферы - Украина;• День саксофона (National Saxophone Day) - США;• Католический праздник святого Диего из Алькалы (Feast of Saint Didacus of Alcala);• День памяти великомученика Димитрия Солунского;• День чикенбургера (National Fried Chicken Sandwich Day) - США;• День памяти преподобного Иова Почаевского;• День памяти святого преподобного Авраамия Ростовского;• День «Счастливого часа» (Happy Hour Day) - США;• День «Обнимите музыканта» (National Hug a Musician Day) - США;• День американского плюшевого мишки (National American Teddy Bear Day) - США;• День памяти мучеников Акиндина, Пигасия, Аффония, Елпидифора, Анемподиста;• День памяти священномучеников Акепсима, Иосифа и Аифала;• День пахлавы (National Baklava Day) - США;• День Государственного флага - Узбекистан;• День памяти святителя Германа, архиепископа Казанского;• День «Отплатите родителям» (National Pay Back Your Parents Day) - США;• День начинки (National Stuffing Day) - США;• День «Поехали кататься!» (Go For A Ride Day) - США;• День благодарности труду (Kinro-Kanshya no Hi) - Япония;• День кукурузы (National Maize Day) - США;• День «Ешьте с другом» (National Eat With a Friend Day) - США
17;• День «Мужчины готовят ужин» (National Men Make Dinner Day) - США;• День независимости (Dominica`s Independence Day) - Доминика;• День конфет (National Candy Day) - США;• День разведывательных войск - Армения;• День «Девушки изучают программирование» (National Ladies Learning Code Day) - Канада;• День «Обнимите медведя» (Hug a Bear Day) - США;• День великого и страшного землетрясения в Царьграде;• Всемирный день свободы (World Freedom Day) - США;• День пшеницы (Dia do Trigo) - Бразилия;• День памяти преподобномученицы Анастасии Римляныни;• День пиццы со всем подряд кроме анчоусов (National Pizza With Everything Except Anchovies Day) - США;• День Барака Обамы в штате Алабама (Barack Obama Day) - США;• День острого соуса гуакамоле (National Spicy Guacamole Day) - США;• Католический праздник святого Альберта Великого (Fest of Saint Albert the Great);• День памяти преподобного Акепсима Антиохийского;• День сливочного масла (National Butter Day) - США;• День независимости - Латвия;• День памяти преподобного Луки Тавроменийского;• День абсурда (National Absurdity Day) - США;• Праздник Девы Марии делла Салюте (Festa della Madonna della Salute) - Италия;• День «Создайте свою собственную страну» (National Start Your Own Country Day) - США;• День инженера-электрика (Dia do Engenheiro Eletricista) - Бразилия;• День вашего уникального таланта (Celebrate Your Unique Talent Day) - США;• День игры с папой (National Play Day With Dad) - США
18;• День колготок - Япония;• День культуры (Bunka-no Hi) - Япония;• День сосиски и квашеной капусты (Sausage and Kraut Day) - США;• Ночь Гая Фокса, Ночь костров (Guy Fawkes Night, Bonfire Night) - Великобритания;• День борьбы с малярией (Malaria Day in the Americas) - Америка;• День таджикского театра - Таджикистан;• День болвана (National Dunce Day) - США;• Фестиваль оливок (Las Jornadas del Olivar y el Aceite) - Испания;• День ванильного кекса (National Vanilla Cupcake Day) - США;• День памяти преподобного Авраамия Затворника;• Праздник огня «Дивали» (Diwali) - Индия;• День рождения наследника престола (Heir to the Throne Birthday) - Тувалу;• День операционной медсестры (Operating Room Nurse Day) - США;• День очистки холодильника (Clean Out Your Refrigerator Day) - США;• День памяти праведной Снандулии Персидской;• День Русалочки (The Little Mermaid Day) - США;• День усыновления (National Adoption Day) - США;• День памяти святителя Павла I, архиепископа Константинопольского;• День свадьбы королевы Елизаветы II - Великобритания;• День медсестры (Dia de la Enfermeria) - Аргентина;• День учителя (Dia del Maestro) - Коста-Рика;• День благодарения (Thanksgiving Day) - США, Пуэрто-Рико, Гуам, Микронезия;• День «Всегда пожалуйста» (You`re Welcome Giving Day) - США;• День учителя (National Teacher`s Day) - Индонезия
19;• День памяти предков (Дзяды) - Беларусь;• День рождения Султана Перака (Birthday of the Sultan of Perak) - Малайзия;• День дегустации вина (National Wine Tasting Day) - США;• День банковского перевода (Bank Transfer Day) - США;• День начос (National Nachos Day) - США;• День горького шоколада с миндалём (National Bittersweet Chocolate with Almonds Day) - США;• День капучино (National Cappuccino Day) - США;• Судьбоносный день, День падения Берлинской стены (Schicksalstag) - Германия;• День незабудок (National Forget-Me-Not Day) - США;• Католический праздник святого Мартина Турского (Feast of Saint Martin of Tours);• Праздник «Кали Пуджа» (Kali Puja) - Индия;• День бухгалтера (Dia del Contador Publico) - Эквадор;• День книги - Иран;• День мира (National Peace Day) - Кот-д`Ивуар;• Католический праздник святой Маргариты Шотландской (Feast of Saint Margaret of Scotland);• День недружелюбия, День удаления из друзей (National Unfriend Day) - США;• День сержанта ВСУ - Украина;• День памяти преподобного Варлаама Хутынского;• День арахисово-сливочной помадки (Peanut Butter Fudge Day) - США;• День Десантно-штурмовых войск - Украина;• День клюквенной закуски (National Cranberry Relish Day) - США;• День инженера (Dia Nacional do Engenheiro) - Португалия;• Женский день - Самоа;• День напоминания о покупках (Shopping Reminder Day) - США
20;• День фаршированных яиц (National Deviled Egg Day) - США;• День независимости Куэнки (Independence of Cuenca) - Эквадор;• День духовки «Лёгкая выпечка» (National Easy-Bake Oven Day) - США;• День внешней разведки - Казахстан;• День трудовой благодарности (Job Action Day) - США;• День шоколадного липкого пирога (Kladdkakans Dag) - Швеция;• День Победы - Азербайджан;• День греческого йогурта (National Greek Yogurt Day) - США;• День молодёжи - Кыргызстан;• День холостяков (Singles Day) - Китай;• День отца (Hari Ayah) - Индонезия;• День памяти 100 тысяч мучеников Тбилиси - Грузия;• День колумбийской женщины (Colombian Women`s Day) - Колумбия;• День посадки деревьев (National Tree Planting Day) - Шри-Ланка;• Праздник молодого вина «Божоле нуво» (Beaujolais Nouveau Day) - Франция;• День шуток на ферме (National Farm Joke Day) - США;• День семейного волонтёра (Family Volunteer Day) - США;• День супа (Tag der Suppe) - Германия;• День святого Георгия (Джеоргуыба) - Южная Осетия;• День гомеопатии (Dia Nacional da Homeopatia) - Бразилия;• День «Один на один с фартуком» (National Tie One On Day) - США;• День эспрессо (National Espresso Day) - США;• День зубной нити (National Flossing Day) - США;• День парфе (National Parfait Day) - США
21;• День «кэшбэка» (National Cash Back Day) - США;• День флага (UAE Flag Day) - ОАЭ;• День гигантского омлета (Giant Omelette Celebration) - США;• День флага - Сан-Томе и Принсипи;• День Конституции (Dominican Republic`s Constitution Day) - Доминикана;• День новой эры, День обновления (New Era Day) - Тунис;• День достаточного количества времени (National Ample Time Day) - США;• Праздник Девы Мари Альмуденской (Fiesta de la Almudena) - Испания;• День милиции - Таджикистан;• День «метал-музыки» (National Metal Day, Nigel Tufnel Day) - США;• День отца - Эстония, Финляндия, Норвегия, Швеция, Исландия;• День «охотниц» на мужчин, День Сэди Хокинс (Sadie Hawkins Day) - США;• День детей «Бал дивас» (Bal Divas) - Индия;• День пряного печенья (Spicy Hermit Cookie Day) - США;• День моря (Dia Nacional do Mar) - Португалия;• День пешеходного туризма, День похода (National Hiking Day, National Take a Hike Day) - США;• День памяти о Вуковарских событиях - Хорватия;• День работников сельского хозяйства - Украина, Казахстан, Беларусь;• День 20-N - Испания;• День ложного признания (False Confession Day) - США;• Праздник святой Сесилии (Fiesta de Santa Cecilia) - Мексика;• День поста и духовных практик «Уттхана Экадаши» (Utthana Ekadashi) - Индия;• День гордости - Монголия;• Суббота малого бизнеса (Small Business Saturday) - США
22;• День мёртвых (Day of the Dead) - Латинская Америка;• День инженерных войск - Украина;• День куриной леди (National Chicken Lady Day) - США;• День революции, День Негроса (Negros Revolution Day) - Филиппины;• День шведской культуры (Svenska dagen) - Финляндия;• День осведомлённости о лимфомах у собак (National Canine Lymphoma Awareness Day) - США;• День журналиста - Китай;• День «Сходите в художественный музей» (Go to an Art Museum Day) - США;• День полиции - Куба;• День осведомлённости о гомункулах (National Homunculus Awareness Day) - США;• День французского сэндвича (National French Dip Day) - США;• День посадки деревьев - Северная Македония;• День движения перестройки (Readjustment Movement Day) - Гвинея-Бисау;• День вина «Зинфандель» (National Zinfandel Day) - США;• День «Используйте меньше вещей» (Use Less Stuff Day) - США;• День замещающего учителя (Substitute Educators Day) - США;• День сражения при Вертриере (Battle of Vertieres Day) - Гаити;• День игры «Монополия» (National Play Monopoly Day) - США;• День военно-морского флота (Royal Thai Navy Day) - Таиланд;• День вооружённых сил - Греция;• День независимости (Lebanese Independence Day) - Ливан;• День дорожной полиции - Казахстан;• День завоевания друзей и оказания влияния на людей (Win Friends and Influence People Day) - США;• День железнодорожника (Dzien Kolejarza) - Польша
23;• День штата Огайо (National Ohio Day) - США;• День независимости (Micronesia`s Independence Day) - Микронезия;• День здоровья - Туркменистан;• День Пуно (Puno Day) - Перу;• День Конституции - Таджикистан;• Дни истории и памяти предков - Кыргызстан;• День родителя как учителя (National Parents as Teachers Day) - США;• День поста и духовных практик «Рама Экадаши» (Rama Ekadashi) - Индия;• День героев (Hari Pahlawan) - Индонезия;• День красной помады (Red Lipstick Day) - США;• День виноградаря и винодела - Украина;• День «Пустите слух» (Start a Rumor Day) - США;• День мобильной бригады (Mobile Brigade Day) - Индонезия;• День «Я люблю писать» (I Love to Write Day) - США;• День белорусской куклы - Беларусь;• День военно-медицинского работника - Армения;• Национальный праздник (National Day of Oman) - Оман;• День пожелания плохого дня (Have a Bad Day Day) - США;• День революции (Dia de la Revolucion) - Мексика;• День вооружённых сил - Бангладеш;• День банковского работника - Армения;• День президентов - Микронезия;• День коричневых локонов (Brownielocks Day) - США;• День независимости (Onafhankelijkheidsdag) - Суринам
24;• День государственности штатов Северная и Южная Дакота (North Dakota and South Dakota Statehood Day) - США;• День перьевой ручки (Fountain Pen Day) - США;• Международный фестиваль духовной музыки и искусства (Festival Internazionale di Musica e Arte Sacra) - Ватикан;• День китайской еды на вынос (National Chinese Take-out Day) - США;• День Зелёного марша (Green March Day) - Марокко;• День информации и печати - Кыргызстан;• День подстрекательства и каламбуров (Abet and Aid Punsters Day) - США;• День мясного «хлеба» (National Scrapple Day) - США;• День приднестровской милиции - ПМР;• День шоколадных палочек (Pepero Day) - Япония, Корея;• Международный фестиваль воздушных змеев (Fuerteventura International Kite Festival) - Испания;• День образования (Dia Nacional de la Educacion) - Эквадор;• День Добруджи (Dobruja Day) - Румыния;• День барабанщика (National Drummer Day) - США;• День фаст-фуда (National Fast Food Day) - США;• День кыргызского кино - Кыргызстан;• День независимости (Morocco`s Independence Day) - Марокко;• День флага (Dia da Bandeira) - Бразилия;• День имени своего компьютера (Name Your PC Day) - США;• День предпринимателя (National Entrepreneur`s Day) - США;• День работника прокуратуры - Кыргызстан;• День военно-морского флота (Dia de la Armada) - Мексика;• День «Пообедайте над кухонной раковиной» (Dine Over Your Kitchen Sink Day) - США;• День регби (National Rugby Day) - США
25;• День «Планируйте свою эпитафию» (Plan Your Epitaph Day) - США;• «Пятница Джерси» (National Jersey Friday) - США;• День железнодорожника - Украина;• День коммерческого телевещания (Commercial TV Broadcast Day) - США;• День банковского работника (Dia del Empleado Bancario) - Аргентина;• День спортивного журналиста (Dia del Periodista Deportivo) - Аргентина;• День черепов (Dia de los Natitas) - Боливия;• День изобретателя (Tag der Erfinder) - Швейцария, Германия, Австрия;• День памяти Ататюрка (Ataturk Memorial Day) - Турция;• Фестиваль белых трюфелей (Alba White Truffle International Festival) - Италия;• День здоровья (Hari Kesehatan Nasional) - Индонезия;• День памяти (Remembrance Day) - Каймановы острова;• Именины у Дениса, Ивана, Александра, Дмитрия, Сергея, Ульяны;• День хлопьев с отрубями и изюмом (National Raisin Bran Cereal Day) - США;• День «Устройте вечеринку с вашим медведем» (Have a Party with Your Bear Day) - США;• День электронной поздравительной открытки (Electronic Greeting Card Day) - США;• Именины у Тихона, Григория, Евпсихия, Галактиона;• День газированных напитков с кофеином (Carbonated Beverage with Caffeine Day) - США;• День сознания темнокожих (Dia da Consciencia Negra) - Бразилия;• День общего договора о мире (Dayton Peace Agreement Day) - Босния и Герцеговина;• День албанского алфавита (Albanian Alphabet Day) - Албания;• День семейной истории здоровья (National Family Health History Day) - США;• Пятница без меха (Fur Free Friday) - США;• День государственности (Dan drzavnosti) - Босния и Герцеговина
26;• День благодарения (National Thanksgiving Day) - Либерия;• День признательности представителям медицинских наук (National Medical Science Liaison Awareness and Appreciation Day) - США;• День бизона (National Bison Day) - США;• День американского футбола (American Football Day) - США;• День памяти короля Густава II Адольфа (Gustavus Adolphus Day) - Швеция;• День нотариуса - Грузия;• День статистика - Казахстан;• Всеукраинский день работников культуры и мастеров народного искусства - Украина;• День первого провозглашения независимости (Los Santos Uprising Day) - Панама;• День посадки деревьев (National Tree Day) - Люксембург;• День декоративных мышей и крыс (Fancy Rat & Mouse Day) - США;• Праздник эфиопских общин «Сигд» (Sigd) - Израиль;• Кузьминки осенние (Курьи именины);• День «Упакуй мамин обед» (Pack Your Mom`s Lunch Day) - США;• День матери - КНДР;• Праздник «Чхатх Пуджа» (Chhat Puja) - Индия;• День Ионы (День Млечности, Галактион);• День стеклопроизводителя - Украина;• День будущих учителей Америки (Future Teachers of America Day) - США;• День социального работника (Dzien Pracownika Socjalnego) - Польша;• День памяти Джона Кеннеди (Day of Remembrance for President John F. Kennedy) - США;• День начала противостояния - Южная Осетия;• День Государственного флага - Таджикистан;• День эвакуации в Нью-Йорке (Evacuation Day in New York City) - США
27;• День коммерческой радиопередачи (Broadcast Traffic Professionals Day) - США;• Фестиваль Европейского кино в Севилье (Festival de Cine Europeo de Sevilla) - Испания;• День скептиков (National Skeptics Day) - США;• День независимости Колона (Dia de Colon) - Панама;• День блаженного Нуно (Feast of Blessed Nuno) - Португалия;• День венгерской оперы (Hungarian Opera Day) - Венгрия;• День ветеранов-аборигенов (National Aboriginal Veterans Day) - Канада;• День государственного флага - Азербайджан;• День корпуса морской пехоты (Marine Corps Birthday, USMC Day) - США;• День десертного мороженого (National Sundae Day) - США;• День бабушки (Dia de la Abuela) - Аргентина;• День журналиста (Dia del Periodista) - Панама;;• День работников сельского хозяйства, пищевой и перерабатывающей промышленности - Кыргызстан;• День пуговиц (National Button Day) - США;• День японских шахмат «Сёги» (Shogi Day) - Япония;;• День равных возможностей (Equal Opportunity Day) - США;• День революции (Revolution Day Memorial) - Мексика;• День Аласкаттало (Alascattalo Day) - США;• День музыкального автомата (National Jukebox Day) - США;• День без благодарения, День траура (Unthanksgiving Day, National Day of Mourning) - США;• День учителя (Ogretmenler Gunu) - Турция;• День памяти короля Вачиравудха (Vajiravudh Day) - Таиланд
28;• День работника культуры - Кыргызстан;• Именины у Аркадия, Анатолия, Демьяна, Константина, Сергея, Василия, Фёдора, Владимира, Николая, Ивана, Александра, Алексея, Якова;• День игры на улице (National Play Outside Day) - США;• День пороха (National Gunpowder Day) - США;• День руководителя команды (National Team Manager Day) - США;• День нотариуса (Notary Public Day) - США;• День памяти жертв политических репрессий - Кыргызстан;• День независимости (Cambodia Independence Day) - Камбоджа;• День районных кодов (Area Code Day) - США;• Языческий праздник Эйнхериар (Einherjar) - Скандинавия;• День культурного ренессанса, День врача (Sun Yat-sen`s Birthday) - Тайвань;• День национальной мысли (Dia del Pensamiento Nacional) - Аргентина;;• День «Покажи свои мокасины» (Rock Your Mocs Day) - США;• День осведомлённости о детском горе (Children`s Grief Awareness Day) - США;• День мучеников в штате Одиша (Martyr`s Day in Odisha) - Индия;;• День парада Матушки Гусыни (Mother Goose Parade Day) - США;• День национального суверенитета (Dia de la Soberania Nacional) - Аргентина;• День государственности штата Северная Каролина (North Carolina Statehood Day) - США;• День жилищной стратегии (National Housing Strategy Day) - Канада;• День отречения (Repudiation Day) - США;• День благодарения (National Day of Thanksgiving) - Тёркс и Кайкос;• Кадрин день (Kadripaev) - Эстония
29;• День «Ищите круги» (Look for Circles Day) - США;• Илларионов день (Первая пороша - не путь);• День студентов (Nationwide Student Day, National Day of Fight against Global Arrogance) - Иран;• Именины у Якова, Николая, Владимира, Александра, Емельяна, Игната, Максима, Елисея, Ивана, Петра;• Именины у Афанасия, Алексея, Ираклия, Лаврентия, Николая, Петра, Ивана, Виктории;• День выборов (Election Day) - США;• День работников Бакинского метрополитена - Азербайджан;• День осведомлённости о микротии (National Microtia Awareness Day) - США;• День традиции (Dia de la Tradicion) - Аргентина;• День республики (Republic Day) - Мальдивы;• День «Куриного бульона для души» (National Chicken Soup for the Soul Day) - США;• Праздник «Говардхан Пуджа» (Govardhan Puja) - Индия;;• Праздник детей «Сити-го-сан» (Shichi-Go-San, 7-5-3 Day) - Япония;• День президента - Таджикистан;• День национального возрождения - Азербайджан;;• День палаточного лагеря (National Camp Day) - США;• День учителя (Vietnamese`s Teacher`s Day) - Вьетнам;• Именины у Гавриила, Михаила, Рафаила, Павла;• День психолога (Dia del Psicologo) - Венесуэла;• День Рудольфа Майстера (Rudolf Maister Day) - Словения;• День сардин (National Sardines Day) - США;• Именины у Александра, Арсакия, Афанасия, Ахии, Бориса, Владимира, Даниила, Дмитрия, Ивана, Константина, Льва, Матфея, Николая, Нила, Степана, Елизаветы, Екатерины
30;• День прибытия индийцев (Arrival of Indentured Laborers Day) - Маврикий;;• Праздник солёной рыбы Ракфиск (Rakfisk Festival) - Норвегия;• День Якова (Яков Гужник);• День Арефы (Русский светец);• День революции и солидарности - Бангладеш;• День государственности штата Монтана (Montana Statehood Day) - США;• День штата Уттаракханд (Uttarakhan Divas) - Индия;• День Мапуту (Maputo Day) - Мозамбик;• День независимости (Angolan Independence Day) - Ангола;• День Конституции - Азербайджан;• День индийского пудинга (National Indian Pudding Day) - США;;• День независимости (Palestinian Independence Day) - Палестина;• День морской пехоты - Украина;• День провинции Кентербери (Canterbury Anniversary Day) - Новая Зеландия;;• День работников гидрометеорологической службы - Украина;• Именины у Афанасия, Валерия, Евгения, Сергея, Алексея, Кирилла, Павла;• Михайлов день (Михайловские грязи);• День семейных опекунов (National Family Caregivers Day) - США;• День литовских воинов (Lietuvos kariuomenes diena) - Литва;• День объедков (National Leftovers Day) - США;• Иван Милостивый (Иван Снежный)
31;• Праздник святого Юстуса (Feast of San Giusto) - Италия;;• День детей (National Children`s Day) - ЮАР;;;• День осведомлённости о раке (National Cancer Awareness Day) - Индия;• День коктейля «Харви Волбенгер» (National Harvey Wallbanger Day) - США;• День британского пудинга (British Pudding Day) - США;• Праздник «Дхантерас», Фестиваль золотых украшений (Dhanteras) - Индия;• Суббота доноров (National Donor Sabbath) - США;• День молодёжи (National Youth Day) - Восточный Тимор;• Именины у Мавры, Анатолия, Ивана, Петра, Артемия, Николая, Леонида, Сергея, Алексея;;• День святого Леопольда (St. Leopold`s Day) - Австрия;• День «Проверьте дворники» (National Check Your Wipers Day) - США;• День борьбы за свободу и демократию (Struggle for Freedom and Democracy Day) - Чехия, Словакия;;• День Рокки и Буллвинкля (National Rocky & Bullwinkle Day) - США;• Федотов день (Зимородок, Федот Ледостав);;• День «Что тебе нравится в Америке» (What Do You Love About America Day) - США;• Именины у Родиона, Ивана, Константина, Дениса, Бориса, Петра, Георгия, Клементия, Алексея, Фелициаты, Анны, Ольги, Александра, Михаила;• День научной культуры (Dia Nacional da Cultura Cientifica) - Португалия;
32;• Именины у Артемия, Николая, Германа, Ивана, Леонида, Александра, Михаила, Петра, Павла, Герасима, Ирины;;• День кекри - Финляндия;;;• Кубок Мельбурна (Melbourne Cup Day) - Австралия;• День STEAM-образования (National S.T.E.A.M. Day) - США;• День моделей (Dia do Manequim) - Бразилия;• День науки - Кыргызстан;• День энергосбережения - Казахстан;• Праздник урожая «Хасыл байрамы» (Hasyl Bayramy) - Туркменистан;• Никодимов день (Спиридон и Никодим, День матицы);;• День финансиста, День национальной валюты - Казахстан;• День родительского участия (National Parental Involvement Day) - США;• Фестиваль «Чхатх» (Chhat Parwa) - Непал;;• День мучеников в штате Уттар-Прадеш (Martyr`s Day in Uttar Pradesh) - Индия;;;• День вторжения - Гвинея;• Родион и Ераст (Ераст - Крепкий наст, Родион Ледолом);• Всеукраинский день логиста - Украина;
33;• Артемьев день (Садок, День атаманов);;• День флага (Panama`s Flag Day) - Панама;;;• День ретинола (National Retinol Day) - США;• День конституции Понпеи (Pohnpei Constitution Day) - Микронезия;• День отелей (Dia do Hoteleiro) - Бразилия;• Именины у Арсения, Афанасия, Георгия, Дмитрия, Ивана, Максима, Мартина, Николая, Степана, Терентия, Анны, Неонилы, Анастасии;• День перемирия в Первой мировой войне - Сербия;• Праздник деревьев (National Tree Festival) - Тунис;;;• День провозглашения республики (Dia da Proclamacao da Republica) - Бразилия;• День святого Кристобаля, День основания Гаваны (Saint Cristobal Day) - Куба;• День Политехнио (Polytechneio) - Греция;;• День открытия (Dia del Descubrimiento de Puerto Rico) - Пуэрто-Рико;;;• День работников юстиции - Азербайджан;;• День наследия коренных американцев (National Native American Heritage Day) - США;
34;;;• Национальный праздник, День Конституции (Tonga National Day, Constitutional Day) - Тонга;;;• Именины у Маркиана, Матроны, Афанасия, Валерия;• Именины у Афанасия, Дмитрия, Марка, Василия, Антона;• День штата Луизиана (National Louisiana Day) - США;• Параскевы Льняницы (Бабья заступница);• День рождения султана Келантана (Sultan of Kelantan`s Birthday) - Малайзия;• День рождения Хуаны Инес де ла Крус (Birthday of Juana Ines de la Cruz) - Мексика;;;• День королевской династии (Fete de la Dynastie) - Бельгия;• День исландского языка (Dagur islenskrar tungu) - Исландия;• День президента (President`s Day) - Маршалловы острова;;• День игры на волынке (National Blow Bagpipes Day) - США;;;• День ларимара (National Larimar Day) - Доминикана;;• День слушания (National Day of Listening) - США;
35;;;• День в ожидании варваров (National Waiting for the Barbarians Day) - США;;;• Дедовские плачи (Мартирий);• Дмитриев день (В Дмитриев день и воробей под кустом пиво варит);• День Карла Сагана (Carl Sagan Day) - США;;• День образования (National Education Day) - Индия;• Поминальное воскресенье (Remembrance Sunday) - Великобритания;;;• День бандт-кекса (National Bundt Cake Day) - США;• День кларнета в оркестре военно-морского флота (U.S. Navy Band`s Clarinet Day) - США;• Именины у Никандра, Ивана, Степана, Александра, Николая, Ильи, Евгении;;• День интеграции (Quami Ekta Divas) - Индия;;;• Именины у Александра, Виктора, Ильи, Матроны, Порфирия, Цецилии, Антона, Ильи, Константина, Ивана;;• День переворота - Заир;
36;;;• День памяти святого Карло Борромео (Day of Saint Charles Borromeo) - Андорра;;;;;• День Икбала (Allama Iqbal Day) - Пакистан;;• День независимости Картахены (Cartagena Independence Day) - Колумбия;• День махоре (Journee Nationale Maore) - Коморские острова;;;• День немецкоязычного сообщества (German Community Day) - Бельгия;• День здоровья в сельских поселениях (National Rural Health Day) - США;• Ерёмин день (Пришёл Ерёма - сиди дома);;• Национальный день (La Fete du Prince) - Монако;;;• Матрёны зимние (Зимний день);;• День революции - Конго;
37;;;• День уничтожения тыквы (Pumpkin Destruction Day) - США;;;;;• Именины у Андрея, Николая, Ивана, Степана, Сергея, Максима;;• День памяти павших (Remembrance Day, Armistice Day) - Великобритания, Франция, Канада;• День Элизабет Кэди Стэнтон (Elizabeth Cady Stanton Day) - США;;;• День обслуживающего персонала в образовании (National Educational Support Professionals Day) - США;• «Великий американский дымок» (Great American Smokeout) - США;;;• День макиато (National Macchiato Day) - США;;;;;• День мученичества гуру Тегха Бахадура (Guru Tegh Bahadur`s Martyrdom Day) - Индия;
38;;;• День социального работника - Армения;;;;;• Зарок на Параскеву (Обеты, Нестор Летописец);;• Начало карнавального сезона (Opening of the Carnival Season) - Германия;• День пупусы (Dia Nacional de las Pupusas) - Сальвадор;;;• День американского предпринимательства (American Enterprise Day) - США;• День работников радио, телевидения и связи - Украина;;;• День американского производства (American Made Matters Day) - США;;;;;• День Лачита (Lachit Divas) - Индия;
39;;;• День всех святых (All Saint`s Day) - Швеция, Финляндия;;;;;;;• День Конституции, День рождения короля (Birthday of King Jigme Singye Wangchuck) - Бутан;• День медицинских работников - Узбекистан;;;• День покаяния и молитвы (Buss- und Bettag) - Германия;• День возрождения (Taassunni paev) - Эстония;;;• День народа гарифуна (Garifuna Settlement Day) - Белиз;;;;;• День Ди Би Купера (D.B. Cooper Day) - США;
40;;;• День работников таможенных органов - Туркменистан;;;;;;;• День ветеранов (Veterans Day) - США;• Именины у Артёма, Анастасии, Степана, Елены, Александра, Максима;;;• День филантропа (National Philanthropy Day) - США;• День стомированных пациентов (Dia Nacional dos Ostomizados) - Бразилия;;;• День народного траура (Volkstrauertag) - Германия;;;;;• Именины у Виктора, Викентия, Максима, Стефаниды, Фёдора, Евгения;
41;;;• День национального единства и вооружённых сил (Giornata dell`Unita Nazionale e delle Forze Armate) - Италия;;;;;;;• День государственности штата Вашингтон (Washington Statehood Day) - США;• Зиновий и Зиновия (Зинькин день, Зиновий Синичник);;;• День основания Корпуса морской пехоты (Indonesian Marine Corps Birthday) - Индонезия;• День национальный прессы (National Press Day) - Индия;;;• День освобождения (Liberation Day) - Мали;;;;;• Мартынов день (Фёдор Заметуха, Студенец);
42;;;• День служения обществу (Community Service Day) - Доминика;;;;;;;• День Синт-Мартена (Sint Maarten`s Day) - Синт-Мартен;;;;• День памяти Рафаила Калиновского - Польша;• День государственности штата Оклахома (Oklahoma Statehood Day) - США;;;• Именины у Павла, Германа, Клавдии, Александры, Виктора, Никиты;;;;;;
43;;;• День гражданства (Citizenship Day) - Северные Марианские острова;;;;;;;• Праздник независимости (Narodowe Swieto Niepodleglosci) - Польша;;;;• День Стива Ирвина (Steve Irwin Day) - Австралия;• День штата Индиана (National Indiana Day) - США;;;• Павел Ледостав (Павел Исповедник);;;;;;
44;;;• Именины у Анны, Константина, Владимира, Максима, Ивана, Александра, Дениса, Василия, Елизаветы, Ираклия, Николая;;;;;;;• День Лачплесиса (Lacplesa diena) - Латвия;;;;• Именины у Маркиана, Константина, Демьяна, Ивана, Кузьмы;• День флага (Statia Day) - Бонэйр, Синт-Эстатиус, Саба;;;;;;;;;
45;;;• Осенняя Казанская (Бабья заступница);;;;;;;• Именины у Анастасии, Марии, Анны, Андрея, Афанасия, Василия, Виктора, Ивана, Кирилла, Алексея, Павла, Николая, Тимофея, Евгения;;;;• Акиндин и Пигасий (Житница);• День дипломатической службы (Dzien Sluzby Zagranicznej) - Польша;;;;;;;;;
46;;;;;;;;;;• Аврамий Овчар (Анастасия Овечница);;;;;• Именины у Агапа, Георгия, Гертруды, Дмитрия, Анны, Иосифа, Малгожаты, Михаила, Эдмунда, Владимира, Николая;;;;;;;;;
47;;;;;;;;;;;;;;;• Анна Холодная (Анна без снега - не жди хлеба);;;;;;;;;
